Question,Answer
What services does your company provide?,"We provide software development, web development, mobile app development, IT support, cloud solutions, and digital services."
What does your company do?,We develop software and provide IT solutions for businesses and organizations.
Do you build custom software?,"Yes, we develop custom software based on specific business requirements."
Can you develop software for my business?,"Yes, we can develop software tailored to your business needs."
Do you offer custom software development?,"Yes, custom software development is one of our core services."
Can you make a website?,"Yes, we design and develop professional and responsive websites."
Do you provide web development services?,"Yes, we provide full-stack web development services."
Can you develop an e-commerce website?,"Yes, we can develop secure and user-friendly e-commerce websites."
Do you build mobile applications?,"Yes, we develop mobile applications for Android and iOS platforms."
Can you develop an Android app?,"Yes, we can develop Android applications according to your requirements."
Can you develop an iOS app?,"Yes, we can develop applications for iOS devices."
Do you provide UI/UX design?,"Yes, we provide modern and user-friendly UI/UX design services."
Can you redesign my existing website?,"Yes, we can redesign and modernize your existing website."
Do you provide website maintenance?,"Yes, we provide ongoing website maintenance and technical support."
Do you provide technical support?,"Yes, our team provides technical support for our software and IT services."
Do you provide IT consulting?,"Yes, we provide IT consulting to help businesses choose suitable technology solutions."
Do you provide cloud solutions?,"Yes, we provide cloud deployment, management, and support services."
Do you provide database solutions?,"Yes, we design, manage, and optimize databases for business applications."
Do you provide API development?,"Yes, we develop and integrate APIs for different software systems."
Can you integrate third-party APIs?,"Yes, we can integrate third-party APIs into websites and applications."
What technologies do you use?,"We use technologies such as Python, JavaScript, PHP, Java, React, Node.js, and modern databases."
Do you use Python?,"Yes, Python is one of the technologies we use for software and backend development."
Do you use JavaScript?,"Yes, we use JavaScript for web and application development."
Do you work with React?,"Yes, we use React to build modern and interactive web applications."
Do you work with Node.js?,"Yes, we use Node.js for backend and server-side application development."
Do you use SQL databases?,"Yes, we work with SQL databases for various business applications."
Do you provide software testing?,"Yes, we provide software testing and quality assurance services."
Do you perform security testing?,"Yes, security testing can be included depending on the project requirements."
Do you provide cybersecurity services?,"Yes, we provide selected cybersecurity and security assessment services."
Can you fix bugs in existing software?,"Yes, we can analyze and fix bugs in existing software systems."
Can you upgrade old software?,"Yes, we can upgrade and modernize legacy software systems."
Can you improve software performance?,"Yes, we can analyze performance issues and optimize software systems."
Can you migrate our old system?,"Yes, we can help migrate data and applications to modern systems."
Do you provide data migration services?,"Yes, we provide data migration services based on project requirements."
Can you develop a CRM system?,"Yes, we can develop customized CRM solutions for businesses."
Can you develop an ERP system?,"Yes, we can develop or customize ERP solutions according to business requirements."
Can you develop inventory software?,"Yes, we can develop inventory management software for businesses."
Can you develop accounting software?,"Yes, we can develop customized accounting and financial management solutions."
Can you develop HR management software?,"Yes, we can develop HR management systems for managing employee information and processes."
Can you develop school management software?,"Yes, we can develop software for schools and educational institutions."
Can you develop hospital management software?,"Yes, we can develop customized hospital and healthcare management systems."
Can you create an online booking system?,"Yes, we can develop online booking and reservation systems."
Can you develop a payment system?,"Yes, we can integrate secure payment gateways into applications and websites."
Do you integrate payment gateways?,"Yes, we can integrate supported payment gateways based on project requirements."
Can you build an online marketplace?,"Yes, we can develop marketplace platforms for buyers and sellers."
Can you build a SaaS application?,"Yes, we can develop scalable SaaS applications for different business models."
Do you provide cloud hosting?,We can assist with cloud hosting and deployment depending on the project requirements.
Can you deploy my application?,"Yes, our team can help deploy applications to suitable hosting or cloud platforms."
Do you provide server management?,"Yes, we can provide server setup, monitoring, and management services."
Do you provide backup solutions?,"Yes, we can implement backup solutions to help protect important business data."
How long does software development take?,"Development time depends on the project's features, complexity, and requirements."
How long does it take to build a website?,A website can take from a few weeks to several months depending on its complexity.
How much does custom software cost?,"The cost depends on the features, technology, complexity, and project requirements."
How much does a website cost?,"Website pricing depends on design, functionality, pages, integrations, and other requirements."
Do you offer free consultation?,We may provide an initial consultation to understand your requirements and project scope.
How can I request a project quote?,You can contact our team and provide your project requirements to request a quotation.
Can I get a project estimate?,"Yes, after reviewing your requirements, we can provide an estimated project cost and timeline."
Do you work with startups?,"Yes, we work with startups and can provide technology solutions based on their needs."
Do you work with small businesses?,"Yes, we provide IT and software solutions for small and medium-sized businesses."
Do you work with large companies?,"Yes, we can work with organizations of different sizes and requirements."
Do you work with international clients?,"Yes, we can provide software and IT services to international clients."
Can I hire your developers?,You can contact our team to discuss developer hiring or project-based requirements.
Do you provide dedicated developers?,Dedicated development services may be available depending on project requirements and team availability.
Do you provide remote development services?,"Yes, we can provide remote software development services."
Can you work with our existing development team?,"Yes, our developers can collaborate with an existing technical team when required."
Do you sign an NDA?,An NDA can be arranged when required to protect confidential project information.
Is my business information secure?,We take appropriate security measures to protect client and project information.
Who owns the software after development?,Ownership depends on the agreement and terms defined in the project contract.
Do you provide source code?,Source-code access and ownership depend on the project agreement.
Do you provide documentation?,"Yes, technical and user documentation can be provided according to project requirements."
Do you provide training?,"Yes, we can provide training for users and administrators when required."
Do you provide after-sales support?,"Yes, we provide post-development support according to the selected support plan."
Do you offer maintenance packages?,"Yes, maintenance and support packages can be arranged based on client requirements."
Can you maintain my existing application?,"Yes, we can provide maintenance and technical support for existing applications."
Can you update my mobile app?,"Yes, we can update and maintain existing mobile applications."
Can you fix my website?,"Yes, we can troubleshoot and fix issues with existing websites."
Can you improve my website speed?,"Yes, we can analyze performance issues and apply suitable optimization techniques."
Can you make my website mobile-friendly?,"Yes, we can make websites responsive and suitable for mobile devices."
Do you provide SEO services?,"Yes, SEO services may be available to improve website visibility and search performance."
Do you provide digital marketing services?,"Yes, we can provide selected digital marketing services based on client requirements."
Can you develop an AI application?,"Yes, we can develop AI-based applications depending on the project requirements."
Do you provide machine learning solutions?,"Yes, we can develop machine learning solutions for suitable business problems."
Can you build a chatbot?,"Yes, we can develop chatbots for websites, applications, and business services."
Can you integrate AI into existing software?,"Yes, AI features can be integrated into existing software where technically appropriate."
Can you develop an API for our application?,"Yes, we can design and develop APIs for your application."
Can you connect different software systems?,"Yes, we can integrate different systems through APIs and other suitable technologies."
Do you provide automation solutions?,"Yes, we can automate repetitive business processes using appropriate technologies."
Can you automate our business processes?,"Yes, we can analyze your workflow and develop suitable automation solutions."
Do you provide reporting systems?,"Yes, we can develop dashboards and reporting systems for business data."
Can you create a business dashboard?,"Yes, we can create customized dashboards for monitoring business performance."
Do you provide data analytics services?,"Yes, we can provide data analysis and reporting solutions based on business requirements."
Can you customize existing software?,"Yes, we can customize existing software according to specific business requirements."
Can you integrate our ERP with another system?,"Yes, ERP integration can be developed using APIs or other suitable integration methods."
How do I start a project with your company?,"Contact our team, share your requirements, and we will discuss the project scope and next steps."
What information do you need for a project?,"We need information about your goals, required features, users, timeline, and technical requirements."
Do you provide a project plan?,"Yes, a project plan can be prepared based on the project's scope and requirements."
Can I track project progress?,"Yes, project progress can be communicated through regular updates and agreed reporting methods."
Do you provide customer support?,"Yes, we provide customer support for our services and products."
How can I contact your company?,You can contact our company through our official communication channels.
Where is your company located?,Our company location and office details can be provided through our official company contact information.
